feature,importance
Age,0.31600736062158435
EstimatedSalary,0.14815698970398736
CreditScore,0.14070286591856296
NumOfProducts,0.14034956189281922
Balance,0.13881366399993844
Tenure,0.11596955786310768
